Application_mode,Application_order,Course,Previous_qualification,Dropout_Probability
7,1,9130,3,0.9958247036263675
39,1,9254,1,0.9896517203899493
1,2,9773,1,0.9872064829508865
1,3,9773,1,0.9863797614432589
7,1,9556,3,0.9850601556784278
7,1,9991,3,0.9845663512178616
17,1,9254,1,0.9842964168805755
1,1,9670,1,0.9831730029676977
39,1,9991,1,0.9831387609398327
1,4,9773,1,0.9809823524600415
